Year,Avg. Pace,PLAYER,TEAM,Team Conference Rank,GP,Team GP,W,PTS,REB,AST,STL,BLK,TOV,TS%,3PM,DEFWS,USG%,PIE,Prior ASG Appearances,AS Last Year?
2019,100.3,James Harden,HOU,6,41,42,26,36.9,6.3,7.4,1.6,0.9,4.7,62.1,4.8,0.003,37.0,19.4,7,1
2019,100.3,Giannis Antetokounmpo,MIL,1,42,45,36,30.0,12.9,5.6,1.1,1.0,3.6,61.3,1.6,0.004,36.7,23.3,3,1
2019,100.3,Trae Young,ATL,15,40,44,9,29.2,4.7,8.6,1.2,0.1,4.8,59.4,3.5,0.001,33.8,16.4,0,0
2019,100.3,Luka Doncic,DAL,5,39,43,25,29.1,9.7,9.0,1.0,0.2,4.3,59.7,3.0,0.002,36.1,20.6,0,0
2019,100.3,Damian Lillard,POR,10,43,45,19,27.9,4.1,7.6,1.0,0.3,2.8,60.8,3.6,0.002,28.8,16.2,4,1
2019,100.3,Bradley Beal,WAS,11,35,42,10,27.2,4.5,6.3,1.0,0.3,3.3,55.6,2.5,-0.001,31.8,12.6,2,1
2019,100.3,Kawhi Leonard,LAC,2,34,44,26,27.1,7.4,5.0,2.0,0.6,3.2,57.5,1.9,0.003,33.8,19.2,3,1
2019,100.3,Devin Booker,PHX,11,40,43,18,26.8,4.1,6.4,0.8,0.2,3.9,63.2,1.9,0.002,28.9,14.1,0,0
2019,100.3,Anthony Davis,LAL,1,36,43,29,26.6,9.3,3.2,1.5,2.6,2.4,60.5,1.1,0.003,28.6,18.0,6,1
2019,100.3,Kyrie Irving,BKN,8,15,42,5,26.5,5.3,6.9,1.4,0.5,2.2,56.8,2.5,0.001,31.5,16.8,6,1
2019,100.3,Karl-Anthony Towns,MIN,13,26,43,9,26.0,11.1,4.3,1.0,1.2,3.0,64.4,3.4,0.001,27.7,17.3,2,1
2019,100.3,Brandon Ingram,NOP,12,39,44,14,25.6,6.7,4.4,0.9,0.8,3.1,60.1,2.5,0.001,28.6,14.3,0,0
2019,100.3,Russell Westbrook,HOU,6,36,42,23,25.3,7.9,7.3,1.6,0.3,4.3,51.8,1.1,0.003,31.7,13.7,8,1
2019,100.3,LeBron James,LAL,1,41,43,33,25.2,7.6,11.0,1.3,0.5,3.8,57.1,2.1,0.003,30.9,19.7,15,1
2019,100.3,Zach LaVine,CHI,10,45,45,16,25.0,4.7,3.9,1.5,0.5,3.2,57.0,3.1,0.002,30.8,13.3,0,0
2019,100.3,Donovan Mitchell,UTA,3,42,43,29,24.7,4.2,4.3,1.1,0.3,2.4,56.1,2.3,0.003,30.3,13.2,0,0
2019,100.3,Pascal Siakam,TOR,3,32,43,23,23.7,7.4,3.5,1.0,1.0,2.6,55.4,2.2,0.004,28.7,13.2,0,0
2019,100.3,Paul George,LAC,2,26,44,19,23.5,6.0,3.7,1.5,0.5,3.3,58.6,3.6,0.003,30.5,14.9,6,1
2019,100.3,Joel Embiid,PHI,5,31,45,21,23.4,12.3,3.3,0.8,1.4,3.0,59.0,1.2,0.004,30.5,20.0,2,1
2019,100.3,D'Angelo Russell,MIN,13,27,43,7,23.3,3.6,6.5,0.9,0.3,3.1,54.9,3.5,0.001,31.3,12.5,1,1
2019,100.3,DeMar DeRozan,SAS,9,42,42,19,22.5,5.6,5.3,1.1,0.3,2.5,60.1,0.2,0.001,26.6,13.8,4,0
2019,100.3,Andrew Wiggins,GSW,15,35,45,12,22.4,5.1,3.5,0.7,0.9,2.4,52.5,2.0,0.002,27.8,10.6,0,0
2019,100.3,Kemba Walker,BOS,4,37,42,25,22.1,4.0,5.0,0.9,0.6,2.2,59.2,3.4,0.002,27.5,13.9,3,1
2019,100.3,Spencer Dinwiddie,BKN,8,42,42,18,21.8,3.2,6.4,0.7,0.3,2.9,53.7,1.9,0.002,30.3,12.0,0,0
2019,100.3,CJ McCollum,POR,10,42,45,18,21.5,4.0,3.8,0.8,0.7,1.7,54.0,2.6,0.001,25.4,10.4,0,0
2019,100.3,Jayson Tatum,BOS,4,41,42,28,21.5,6.9,2.8,1.4,0.8,2.2,53.9,2.4,0.004,26.8,13.0,0,0
2019,100.3,Bojan Bogdanovic,UTA,3,42,43,30,21.1,4.1,2.0,0.6,0.1,2.8,60.8,3.0,0.003,26.0,10.8,0,0
2019,100.3,Stephen Curry,GSW,15,4,45,1,20.3,5.0,6.5,1.3,0.5,3.8,54.8,2.3,-0.001,29.5,12.3,6,1
2019,100.3,Jimmy Butler,MIA,2,37,43,26,20.2,7.0,6.4,1.9,0.6,2.4,57.8,0.7,0.003,24.8,15.9,4,0
2019,100.3,Buddy Hield,SAC,13,43,43,15,20.1,5.0,3.2,0.9,0.3,2.6,54.1,3.6,0.001,25.8,9.2,0,0
2019,100.3,Kyle Lowry,TOR,3,32,43,20,20.1,4.5,7.6,1.2,0.4,2.9,58.0,3.1,0.003,22.5,12.2,5,1
2019,100.3,Jrue Holiday,NOP,12,35,44,13,20.1,4.9,6.3,1.7,0.7,3.1,52.4,2.1,0.001,25.6,11.3,1,0
2019,100.3,Jaylen Brown,BOS,4,36,42,24,20.0,6.8,2.4,1.2,0.3,2.3,59.7,2.1,0.003,24.1,12.1,0,0
2019,100.3,Lou Williams,LAC,2,41,44,29,19.9,3.0,6.1,0.7,0.2,3.0,55.9,2.0,0.002,27.3,13.1,0,0
2019,100.3,Shai Gilgeous-Alexander,OKC,7,44,44,25,19.8,5.9,3.1,1.2,0.5,1.9,56.3,1.2,0.002,23.9,12.3,0,0
2019,100.3,Khris Middleton,MIL,1,38,45,32,19.5,5.7,3.9,1.0,0.2,2.0,61.6,2.2,0.004,25.6,15.1,1,1
2019,100.3,Nikola Jokic,DEN,3,43,43,30,19.4,10.0,6.3,1.0,0.6,2.7,59.2,1.3,0.003,26.1,17.8,1,1
2019,100.3,Tobias Harris,PHI,5,45,45,29,19.3,6.7,2.9,0.8,0.6,1.5,56.3,1.7,0.003,23.3,12.8,0,0
2019,100.3,Danilo Gallinari,OKC,7,37,44,19,19.2,5.8,2.2,0.7,0.1,1.4,61.4,3.1,0.001,24.0,13.3,0,0
2019,100.3,Montrezl Harrell,LAC,2,43,44,31,19.1,7.1,1.8,0.7,1.0,1.9,59.7,0.0,0.002,24.5,14.1,0,0
2019,100.3,Collin Sexton,CLE,13,44,44,12,19.1,3.3,2.4,0.9,0.1,2.1,53.1,1.2,0.0,26.4,8.8,0,0
2019,100.3,LaMarcus Aldridge,SAS,9,40,42,18,19.1,7.3,2.4,0.6,1.8,1.4,58.5,1.2,0.001,23.2,12.4,7,1
2019,100.3,De'Aaron Fox,SAC,13,25,43,6,19.1,4.3,7.3,1.4,0.5,3.4,55.2,1.0,0.001,27.7,12.2,0,0
2019,100.3,Evan Fournier,ORL,7,43,44,20,19.1,2.6,3.3,1.0,0.2,2.0,60.1,2.6,0.002,24.2,10.6,0,0
2019,100.3,Marcus Morris Sr.,LAC,2,36,44,11,19.0,5.4,1.5,0.8,0.4,1.6,58.3,2.7,0.001,23.1,10.9,0,0
2019,100.3,Julius Randle,NYK,13,42,44,12,18.9,9.2,3.2,0.8,0.2,2.9,53.0,1.2,0.002,26.9,12.9,0,0
2019,100.3,Nikola Vucevic,ORL,7,33,44,16,18.9,11.1,3.3,0.9,0.9,1.3,52.9,1.7,0.002,26.2,15.4,1,1
2019,100.3,Devonte' Graham,CHA,11,45,45,15,18.6,3.6,7.7,0.9,0.3,3.0,53.8,3.6,0.001,24.7,11.1,0,0
2019,100.3,Derrick Rose,DET,9,38,44,14,18.4,2.4,5.8,0.8,0.3,2.6,56.5,0.9,0.001,30.1,14.4,3,0
2019,100.3,Fred VanVleet,TOR,3,33,43,22,18.4,3.8,6.7,2.0,0.4,2.4,54.6,2.7,0.003,23.0,11.9,0,0
2019,100.3,Dennis Schroder,OKC,7,43,44,24,18.3,3.8,3.8,0.6,0.2,2.8,56.5,1.9,0.003,25.9,11.5,0,0
2019,100.3,Kelly Oubre Jr.,PHX,11,41,43,16,18.2,6.4,1.6,1.4,0.8,1.5,56.6,1.8,0.002,21.5,9.8,0,0
2019,100.3,Deandre Ayton,PHX,11,13,43,7,18.2,12.2,1.8,0.5,1.6,1.7,57.3,0.0,0.003,22.6,14.9,0,0
2019,100.3,Terry Rozier,CHA,11,45,45,15,17.9,4.3,4.4,1.2,0.2,2.4,54.7,2.7,0.001,23.7,10.2,0,0
2019,100.3,Ja Morant,MEM,8,37,43,19,17.9,3.5,7.0,1.1,0.3,3.3,57.2,0.9,0.001,26.0,13.1,0,0
2019,100.3,T.J. Warren,IND,6,44,44,28,17.8,3.8,1.4,1.0,0.5,1.2,58.6,1.2,0.002,22.0,9.9,0,0
2019,100.3,Jaren Jackson Jr.,MEM,8,42,43,20,17.8,4.8,1.5,0.7,1.4,1.6,60.1,2.6,0.001,24.3,9.3,0,0
2019,100.3,Domantas Sabonis,IND,6,41,44,26,17.8,12.9,4.3,0.8,0.6,2.7,57.6,0.3,0.003,22.9,15.4,0,0
2019,100.3,Jamal Murray,DEN,3,40,43,28,17.6,4.1,4.6,1.4,0.3,2.1,53.7,1.6,0.003,24.6,11.8,0,0
2019,100.3,John Collins,ATL,15,18,44,5,17.5,9.6,1.3,0.7,2.2,1.8,58.4,1.3,0.002,22.6,14.1,0,0
2019,100.3,Malcolm Brogdon,IND,6,32,44,22,17.4,4.4,7.4,0.8,0.2,2.6,54.7,1.4,0.003,26.0,14.3,0,0
2019,100.3,Andre Drummond,CLE,13,42,44,15,17.3,15.7,2.7,2.1,1.8,3.6,55.4,0.0,0.002,24.7,15.7,2,0
2019,100.3,Kevin Love,CLE,13,37,44,10,17.3,10.1,2.9,0.6,0.4,2.7,59.6,2.4,0.001,22.7,14.4,5,0
2019,100.3,Kristaps Porzingis,DAL,5,32,43,20,17.0,9.4,1.4,0.6,2.1,1.7,50.3,2.2,0.002,24.9,10.6,1,0
2019,100.3,Chris Paul,OKC,7,44,44,25,17.0,5.0,6.4,1.6,0.1,2.0,60.6,1.7,0.002,21.7,14.8,9,0
2019,100.3,Gordon Hayward,BOS,4,26,42,16,16.3,6.0,4.1,0.7,0.4,1.6,59.0,1.4,0.003,19.8,13.0,1,0
2019,100.3,Kendrick Nunn,MIA,2,43,43,30,16.3,2.8,3.6,0.9,0.2,1.8,55.3,2.0,0.003,23.3,9.5,0,0
2019,100.3,Carmelo Anthony,POR,10,30,45,13,16.2,6.3,1.3,1.0,0.6,1.8,52.8,1.4,0.001,22.8,8.7,10,0
2019,100.3,Alec Burks,PHI,5,42,45,9,16.2,4.7,3.2,1.1,0.4,1.5,54.8,1.6,0.002,22.9,11.5,0,0
2019,100.3,Bam Adebayo,MIA,2,43,43,30,16.0,10.5,4.7,1.2,1.2,2.8,62.7,0.0,0.003,19.9,15.1,0,0
2019,100.3,Ben Simmons,PHI,5,43,45,28,16.0,7.8,8.5,2.2,0.7,3.3,59.1,0.0,0.003,19.8,14.3,1,1
2019,100.3,Norman Powell,TOR,3,32,43,23,15.8,3.8,1.8,1.2,0.4,1.5,64.4,2.2,0.003,20.1,11.3,0,0
2019,100.3,Luke Kennard,DET,9,28,44,11,15.8,3.5,4.1,0.4,0.2,1.5,58.9,2.6,0.001,19.3,9.8,0,0
2019,100.3,Dillon Brooks,MEM,8,43,43,20,15.7,3.4,2.0,1.0,0.4,1.5,53.4,2.2,0.001,23.7,6.8,0,0
2019,100.3,JJ Redick,NOP,12,39,44,15,15.6,2.8,1.9,0.3,0.2,1.1,63.9,3.1,0.001,18.7,9.6,0,0
2019,100.3,Goran Dragic,MIA,2,33,43,23,15.6,3.0,4.8,0.5,0.2,2.6,57.1,2.3,0.002,24.5,10.9,1,0
2019,100.3,Hassan Whiteside,POR,10,41,45,19,15.5,14.1,1.2,0.4,3.0,2.0,62.5,0.0,0.001,19.8,16.3,0,0
2019,100.3,Blake Griffin,DET,9,18,44,8,15.5,4.7,3.3,0.4,0.4,2.2,47.6,1.5,0.001,27.7,8.4,6,1
2019,100.3,Rudy Gobert,UTA,3,41,43,29,15.4,14.5,1.7,0.7,1.9,1.9,68.7,0.0,0.004,16.6,16.1,0,0
2019,100.3,Josh Richardson,PHI,5,37,45,22,15.4,3.4,3.5,1.0,0.6,2.2,53.9,1.6,0.003,21.4,8.6,0,0
2019,100.3,Will Barton,DEN,3,40,43,28,15.2,6.7,3.7,1.1,0.5,1.4,54.4,1.7,0.003,19.5,11.4,0,0
2019,100.3,Harrison Barnes,SAC,13,43,43,15,15.1,4.9,2.1,0.7,0.1,1.2,56.2,1.4,0.002,17.9,9.2,0,0
2019,100.3,Jonas Valanciunas,MEM,8,40,43,18,15.0,10.1,2.0,0.4,1.0,2.0,64.7,0.6,0.001,21.8,15.7,0,0
2019,100.3,Davis Bertans,WAS,11,33,42,10,15.0,4.8,1.6,0.6,0.6,0.9,62.2,3.7,0.001,17.6,9.5,0,0
2019,100.3,Jabari Parker,SAC,13,32,43,6,15.0,6.0,1.8,1.3,0.5,1.9,56.5,1.0,0.0,23.4,10.8,0,0
2019,100.3,Caris LeVert,BKN,8,17,42,6,14.9,4.1,3.5,0.6,0.1,2.9,47.1,1.4,0.002,26.7,7.6,0,0
2019,100.3,Lauri Markkanen,CHI,10,45,45,16,14.9,6.5,1.5,0.8,0.5,1.6,55.9,2.2,0.002,20.9,10.4,0,0
2019,100.3,Eric Bledsoe,MIL,1,37,45,33,14.8,4.5,5.1,0.9,0.5,2.2,58.0,1.2,0.003,23.4,13.1,0,0
2019,100.3,Serge Ibaka,TOR,3,33,43,21,14.8,8.4,1.2,0.5,0.8,2.0,56.3,0.9,0.002,24.0,12.2,0,0
2019,100.3,Jordan Clarkson,UTA,3,42,43,20,14.6,2.4,2.0,0.6,0.3,1.2,57.6,2.0,0.001,24.6,10.9,0,0
2019,100.3,Tim Hardaway Jr.,DAL,5,40,43,26,14.4,3.0,1.7,0.6,0.1,0.8,57.1,2.7,0.002,21.0,9.0,0,0
2019,100.3,Bogdan Bogdanovic,SAC,13,32,43,13,14.3,3.0,3.6,1.0,0.3,2.1,54.3,2.6,0.002,23.6,9.9,0,0
2019,100.3,Clint Capela,ATL,15,35,44,20,14.3,14.2,1.2,0.9,1.7,1.6,63.5,0.0,0.002,15.5,14.8,0,0
2019,100.3,Marvin Bagley III,SAC,13,13,43,2,14.2,7.5,0.8,0.5,0.9,1.4,51.2,0.3,0.001,24.8,9.7,0,0
2019,100.3,RJ Barrett,NYK,13,41,44,11,14.1,5.2,2.5,1.0,0.4,2.2,47.0,1.1,0.001,22.8,7.0,0,0
2019,100.3,Eric Paschall,GSW,15,40,45,9,14.1,4.8,1.7,0.6,0.3,1.5,57.0,0.7,0.001,20.6,9.8,0,0
2019,100.3,Joe Harris,BKN,8,41,42,18,14.0,4.2,2.1,0.7,0.3,1.5,58.3,2.4,0.002,17.3,8.1,0,0
2019,100.3,Rui Hachimura,WAS,11,25,42,8,13.9,5.8,1.6,0.7,0.1,0.8,53.3,0.4,-0.001,19.6,8.6,0,0
2019,100.3,Ricky Rubio,PHX,11,36,43,16,13.5,4.8,9.4,1.4,0.3,2.7,51.3,1.2,0.002,19.9,11.9,0,0
2019,100.3,Terrence Ross,ORL,7,42,44,20,13.4,2.9,1.0,1.1,0.3,1.0,54.2,2.2,0.002,21.3,9.6,0,0
2019,100.3,Aaron Gordon,ORL,7,38,44,19,13.4,7.2,2.9,0.7,0.5,1.6,50.1,1.1,0.002,20.3,9.7,0,0
2019,100.3,Kyle Kuzma,LAL,1,34,43,28,13.2,3.9,1.0,0.3,0.4,1.5,53.2,1.6,0.002,23.0,7.9,0,0
2019,100.3,Eric Gordon,HOU,6,18,42,10,13.2,1.9,1.2,0.4,0.2,1.2,46.9,2.9,0.002,20.5,3.2,0,0
2019,100.3,Mike Conley,UTA,3,24,43,15,13.2,3.1,4.5,0.8,0.2,2.0,50.1,1.8,0.002,22.6,8.8,0,0
2019,100.3,Richaun Holmes,SAC,13,37,43,14,13.1,8.5,1.0,1.1,1.4,1.2,69.2,0.0,0.002,15.8,12.3,0,0
2019,100.3,Jordan McRae,DEN,3,26,43,9,13.1,3.6,2.8,0.7,0.5,1.4,53.6,1.5,0.001,24.2,10.7,0,0
2019,100.3,Jeff Teague,ATL,15,36,44,12,12.9,2.6,6.0,0.7,0.4,2.3,58.1,0.9,0.001,20.1,10.9,1,0
2019,100.3,Tyler Herro,MIA,2,40,43,27,12.9,4.2,2.1,0.7,0.1,1.7,53.3,2.1,0.002,20.9,9.3,0,0
2019,100.3,Jeremy Lamb,IND,6,33,44,22,12.8,4.7,2.3,1.2,0.5,1.2,53.9,1.2,0.002,19.8,9.8,0,0
2019,100.3,Robert Covington,HOU,6,42,42,15,12.7,5.9,1.2,1.7,0.9,1.5,57.2,2.2,0.002,17.7,9.4,0,0
2019,100.3,Thomas Bryant,WAS,11,22,42,7,12.7,7.5,2.3,0.4,0.9,1.5,60.9,0.5,0.0,18.5,11.3,0,0
2019,100.3,Al Horford,PHI,5,41,45,25,12.6,6.5,3.9,0.9,1.0,1.1,52.5,1.4,0.003,18.1,11.3,5,0
2019,100.3,P.J. Washington,CHA,11,40,45,14,12.6,5.5,2.0,0.9,0.9,1.7,58.1,1.5,0.002,17.8,9.0,0,0
2019,100.3,Tristan Thompson,CLE,13,42,44,12,12.6,10.6,2.1,0.7,1.0,2.0,54.0,0.1,0.001,18.2,10.8,0,0
2019,100.3,Marcus Smart,BOS,4,33,42,21,12.4,3.3,4.7,1.6,0.4,1.3,52.3,2.3,0.003,17.3,9.0,0,0
2019,100.3,Nemanja Bjelica,SAC,13,43,43,15,12.4,6.5,2.5,0.9,0.6,1.5,60.9,2.0,0.001,17.8,10.8,0,0
2019,100.3,Myles Turner,IND,6,36,44,22,12.3,5.9,1.2,0.7,1.9,1.3,56.4,1.5,0.002,18.4,9.2,0,0
2019,100.3,Darius Garland,CLE,13,44,44,12,12.3,2.0,3.6,0.8,0.0,2.7,50.3,1.8,0.001,20.7,5.8,0,0
2019,100.3,Glenn Robinson III,PHI,5,42,45,8,12.3,4.8,1.6,1.0,0.2,1.0,55.1,1.3,0.001,15.9,8.0,0,0
2019,100.3,Taurean Prince,BKN,8,42,42,18,12.3,6.6,2.0,0.9,0.4,2.1,50.0,2.4,0.002,19.4,7.9,0,0
2019,100.3,Damion Lee,GSW,15,29,45,7,12.2,5.4,2.5,0.9,0.1,1.3,53.2,1.3,0.002,18.7,9.7,0,0
2019,100.3,Brandon Clarke,MEM,8,37,43,19,12.1,5.7,1.5,0.4,0.9,0.9,68.1,0.5,0.002,18.6,14.7,0,0
2019,100.3,Miles Bridges,CHA,11,45,45,15,12.1,5.4,1.8,0.6,0.8,1.7,52.9,1.4,0.0,18.6,7.9,0,0
2019,100.3,Lonzo Ball,NOP,12,36,44,13,12.1,5.8,6.3,1.3,0.4,2.8,49.3,2.3,0.001,19.6,9.6,0,0
2019,100.3,De'Andre Hunter,ATL,15,43,44,10,12.0,3.8,1.8,0.7,0.3,1.6,51.3,1.6,0.001,17.7,5.7,0,0
2019,100.3,Isaiah Thomas,WAS,11,33,42,11,12.0,1.4,3.9,0.4,0.2,2.0,53.1,1.8,0.0,23.2,6.6,2,0
2019,100.3,Jonathan Isaac,ORL,7,32,44,13,12.0,6.9,1.4,1.6,2.4,1.5,54.2,0.9,0.003,18.1,10.5,0,0
2019,100.3,Markelle Fultz,ORL,7,43,44,21,11.9,3.5,4.6,1.3,0.2,2.0,51.1,0.4,0.002,21.1,9.7,0,0
2019,100.3,Paul Millsap,DEN,3,32,43,21,11.9,5.8,1.4,0.9,0.7,1.3,58.6,1.0,0.003,19.4,10.5,4,0
2019,100.3,Duncan Robinson,MIA,2,43,43,30,11.8,3.2,1.1,0.5,0.3,0.7,65.3,3.2,0.002,14.9,7.3,0,0
2019,100.3,Wendell Carter Jr.,CHI,10,37,45,13,11.7,9.9,1.2,0.8,0.9,1.7,59.2,0.2,0.003,16.3,10.6,0,0
2019,100.3,Patty Mills,SAS,9,42,42,19,11.7,1.6,2.0,0.8,0.1,0.9,59.4,2.3,0.002,18.9,8.2,0,0
2019,100.3,Moritz Wagner,WAS,11,21,42,7,11.6,6.0,1.3,0.7,0.6,2.0,68.2,1.0,0.001,20.4,11.2,0,0
2019,100.3,Aron Baynes,PHX,11,33,43,15,11.5,5.8,1.9,0.2,0.6,1.2,58.2,1.3,0.001,19.8,9.6,0,0
2019,100.3,Kevin Huerter,ATL,15,33,44,9,11.5,4.2,3.4,0.9,0.5,1.8,54.1,2.1,0.001,18.1,8.7,0,0
2019,100.3,Jarrett Allen,BKN,8,42,42,18,11.4,9.8,1.3,0.7,1.3,1.2,66.8,0.0,0.002,15.0,14.1,0,0
2019,100.3,Bryn Forbes,SAS,9,42,42,19,11.4,2.3,1.8,0.5,0.0,1.0,54.4,2.3,0.001,19.0,6.1,0,0
2019,100.3,Cody Zeller,CHA,11,42,45,13,11.3,7.0,1.2,0.6,0.4,1.3,58.7,0.4,0.001,20.1,11.1,0,0
2019,100.3,Steven Adams,OKC,7,40,44,24,11.3,9.7,2.6,0.7,1.1,1.5,60.9,0.0,0.002,16.9,14.5,0,0
2019,100.3,Justise Winslow,MEM,8,11,43,7,11.3,6.6,4.0,0.6,0.5,2.2,44.0,0.5,0.004,19.0,7.4,0,0
2019,100.3,Coby White,CHI,10,45,45,16,11.3,3.5,2.2,0.8,0.1,1.5,48.2,1.8,0.002,22.6,8.1,0,0
2019,100.3,Otto Porter Jr.,CHI,10,9,45,3,11.2,3.4,1.6,1.0,0.3,0.8,54.4,1.8,0.002,18.4,8.0,0,0
2019,100.3,Markieff Morris,LAL,1,36,43,13,11.1,3.7,1.6,0.6,0.2,1.6,58.4,1.7,0.001,21.7,8.7,0,0
2019,100.3,Ish Smith,WAS,11,42,42,14,11.1,3.1,4.6,0.8,0.4,1.4,51.7,1.0,0.001,18.5,10.0,0,0
2019,100.3,OG Anunoby,TOR,3,42,43,28,11.0,5.7,1.6,1.1,0.6,1.3,58.4,1.4,0.003,15.3,8.7,0,0
2019,100.3,Cedi Osman,CLE,13,44,44,12,11.0,3.4,2.1,0.8,0.3,1.4,56.4,1.9,0.001,15.9,6.7,0,0
2019,100.3,Frank Kaminsky,PHX,11,32,43,12,11.0,4.9,2.2,0.4,0.3,1.0,55.4,1.2,0.001,20.2,10.2,0,0
2019,100.3,Gary Harris,DEN,3,37,43,26,11.0,2.8,2.2,1.5,0.3,1.0,52.1,1.4,0.003,15.1,6.1,0,0
2019,100.3,Rodney Hood,POR,10,21,45,8,11.0,3.4,1.5,0.8,0.2,0.9,62.5,1.7,0.001,13.7,7.4,0,0
2019,100.3,Joe Ingles,UTA,3,43,43,30,10.9,4.3,4.9,0.9,0.1,1.9,60.1,2.2,0.003,15.8,10.6,0,0
2019,100.3,Rudy Gay,SAS,9,39,42,17,10.7,5.8,1.8,0.5,0.6,1.5,55.7,1.1,0.002,20.5,11.4,0,0
2019,100.3,D.J. Augustin,ORL,7,39,44,19,10.7,2.4,4.7,0.7,0.0,1.4,54.4,1.2,0.003,18.2,11.0,0,0
2019,100.3,Josh Hart,NOP,12,37,44,13,10.7,6.0,1.5,1.1,0.3,1.3,55.7,2.1,0.002,15.3,8.0,0,0
2019,100.3,Jake Layman,MIN,13,14,43,8,10.5,2.9,0.8,0.9,0.7,1.3,53.9,1.4,0.003,15.9,6.1,0,0
2019,100.3,Reggie Bullock,NYK,13,10,44,3,10.5,1.7,1.4,1.7,0.0,0.5,50.7,1.6,0.001,17.3,5.9,0,0
2019,100.3,Seth Curry,DAL,5,41,43,25,10.5,1.9,1.7,0.6,0.2,1.0,60.2,1.8,0.001,17.6,8.3,0,0
2019,100.3,Troy Brown Jr.,WAS,11,39,42,13,10.4,6.0,2.1,1.4,0.1,1.2,53.7,0.8,0.001,17.0,10.5,0,0
2019,100.3,Jerami Grant,DEN,3,43,43,30,10.3,3.3,1.0,0.5,0.7,0.8,57.4,1.2,0.001,17.1,7.7,0,0
2019,100.3,E'Twaun Moore,NOP,12,32,44,16,10.3,3.1,1.8,0.6,0.2,0.8,50.9,1.5,0.001,20.6,8.2,0,0
2019,100.3,Danuel House Jr.,HOU,6,36,42,22,10.3,3.9,1.2,0.9,0.6,0.9,57.2,2.0,0.002,13.1,6.1,0,0
2019,100.3,Garrett Temple,BKN,8,37,42,17,10.3,3.4,2.6,0.9,0.5,1.3,49.5,2.0,0.003,16.3,7.0,0,0
2019,100.3,Aaron Holiday,IND,6,42,44,28,10.2,2.3,3.5,0.8,0.2,1.4,53.1,1.5,0.002,20.2,8.6,0,0
2019,100.3,Ben McLemore,HOU,6,42,42,26,10.2,2.5,0.9,0.7,0.2,0.9,59.8,2.5,0.002,15.8,6.3,0,0
2019,100.3,Jae Crowder,MIA,2,40,43,17,10.2,6.2,2.9,1.1,0.4,1.3,50.6,1.8,0.001,15.4,8.2,0,0
2019,100.3,Langston Galloway,DET,9,44,44,16,10.2,2.2,1.5,0.8,0.2,0.6,58.4,2.0,0.001,14.8,7.5,0,0
2019,100.3,Dejounte Murray,SAS,9,38,42,17,10.1,5.8,4.1,1.7,0.3,2.1,54.8,0.5,0.001,19.9,11.4,0,0
2019,100.3,Brook Lopez,MIL,1,43,45,37,10.1,4.7,1.6,0.7,2.6,0.9,52.8,1.4,0.003,16.4,8.5,1,0
2019,100.3,Tomas Satoransky,CHI,10,45,45,16,10.0,3.6,5.4,1.3,0.1,2.0,55.2,1.1,0.002,16.3,9.7,0,0
2019,100.3,Doug McDermott,IND,6,44,44,28,10.0,2.7,1.1,0.1,0.1,0.6,60.0,1.8,0.002,17.9,8.4,0,0
2019,100.3,Derrick White,SAS,9,40,42,19,10.0,3.0,3.2,0.6,0.7,1.1,58.5,1.0,0.002,16.9,9.4,0,0
2019,100.3,Bobby Portis,NYK,13,44,44,12,9.9,5.7,1.5,0.5,0.2,1.0,52.1,1.1,0.001,20.1,10.9,0,0
2019,100.3,Dario Saric,PHX,11,43,43,18,9.9,6.3,1.9,0.6,0.3,1.3,54.9,1.3,0.001,16.7,9.1,0,0
2019,100.3,Jarrett Culver,MIN,13,42,43,15,9.8,3.7,2.0,1.0,0.7,1.4,45.6,1.0,0.002,19.6,5.8,0,0
2019,100.3,George Hill,MIL,1,42,45,36,9.8,3.1,3.0,0.7,0.1,0.9,68.9,1.5,0.002,15.3,12.7,0,0
2019,100.3,Derrick Favors,NOP,12,25,44,11,9.8,10.1,2.1,0.6,1.1,1.3,62.7,0.0,0.001,15.0,13.8,0,0
2019,100.3,Kentavious Caldwell-Pope,LAL,1,43,43,34,9.7,2.2,1.8,0.8,0.2,0.9,59.2,1.4,0.002,14.4,6.9,0,0
2019,100.3,Mitchell Robinson,NYK,13,40,44,11,9.6,6.6,0.5,0.9,1.8,0.7,70.4,0.0,0.001,13.6,12.0,0,0
2019,100.3,Christian Wood,DET,9,40,44,16,9.4,5.3,0.7,0.4,0.9,1.1,65.7,0.6,0.001,20.3,14.9,0,0
2019,100.3,Anfernee Simons,POR,10,45,45,19,9.4,2.6,1.5,0.4,0.2,1.0,50.1,1.1,0.001,18.3,5.8,0,0
2019,100.3,Dwight Powell,DAL,5,40,43,25,9.4,5.7,1.5,0.9,0.6,0.9,67.7,0.3,0.002,12.6,9.4,0,0
2019,100.3,Enes Kanter,BOS,4,35,42,21,9.4,8.2,1.0,0.5,0.9,1.1,61.8,0.0,0.002,19.0,16.7,0,0
2019,100.3,Dorian Finney-Smith,DAL,5,43,43,27,9.3,5.3,1.4,0.7,0.5,0.9,59.3,1.6,0.002,12.6,6.9,0,0
2019,100.3,Shabazz Napier,WAS,11,30,42,9,9.1,2.5,4.6,1.0,0.2,2.0,51.2,1.2,0.002,19.3,10.0,0,0
2019,100.3,Thaddeus Young,CHI,10,44,45,16,9.1,4.5,1.8,1.1,0.3,1.4,49.3,1.1,0.002,19.6,8.6,0,0
2019,100.3,Landry Shamet,LAC,2,27,44,18,9.1,2.2,1.6,0.4,0.2,0.8,59.1,2.1,0.002,12.7,4.7,0,0
2019,100.3,Maxi Kleber,DAL,5,42,43,26,9.1,5.4,1.0,0.3,0.9,0.8,62.5,1.6,0.002,13.2,8.8,0,0
2019,100.3,Alex Len,SAC,13,38,43,8,9.0,5.8,1.1,0.5,0.8,1.0,59.8,0.4,0.001,18.5,12.0,0,0
2019,100.3,Danny Green,LAL,1,42,43,33,9.0,3.6,1.3,1.2,0.5,0.8,57.7,2.0,0.002,13.9,7.3,0,0
2019,100.3,Zach Collins,POR,10,3,45,2,9.0,4.0,2.0,0.0,0.7,2.0,62.4,1.0,0.003,13.9,5.1,0,0
2019,100.3,Donte DiVincenzo,MIL,1,41,45,37,8.9,4.6,2.3,1.5,0.3,1.2,55.1,1.2,0.003,16.4,10.4,0,0
2019,100.3,Furkan Korkmaz,PHI,5,44,45,28,8.8,2.2,0.8,0.5,0.2,0.7,56.7,1.8,0.002,16.9,7.4,0,0
2019,100.3,Jaxson Hayes,NOP,12,41,44,17,8.7,4.8,1.0,0.5,1.2,0.8,67.9,0.0,0.001,14.5,9.8,0,0
2019,100.3,J.J. Barea,DAL,5,13,43,7,8.7,1.8,3.2,0.2,0.1,1.2,57.0,1.5,0.001,25.9,13.0,0,0
2019,100.3,Cam Reddish,ATL,15,40,44,9,8.7,3.7,1.6,1.1,0.5,1.7,44.2,1.2,0.001,17.7,4.7,0,0
2019,100.3,Bruce Brown,DET,9,43,44,16,8.6,4.2,3.8,1.2,0.5,1.7,51.1,0.5,0.002,16.0,8.0,0,0
2019,100.3,Derrick Jones Jr.,MIA,2,29,43,20,8.6,4.2,0.9,1.1,0.7,0.8,56.6,0.6,0.002,14.6,8.0,0,0
2019,100.3,Elfrid Payton,NYK,13,26,44,9,8.5,4.2,5.8,1.4,0.4,1.8,44.0,0.4,0.001,18.4,9.6,0,0
2019,100.3,Jahlil Okafor,NOP,12,24,44,7,8.5,4.6,1.5,0.2,0.8,1.5,63.3,0.0,0.0,19.7,10.6,0,0
2019,100.3,Kevin Porter Jr.,CLE,13,34,44,10,8.5,3.3,1.9,0.9,0.2,1.7,52.1,0.8,0.001,19.2,6.5,0,0
2019,100.3,Malik Monk,CHA,11,43,45,14,8.4,2.6,2.0,0.4,0.2,1.2,51.6,0.9,0.001,20.7,8.3,0,0
2019,100.3,Draymond Green,GSW,15,32,45,8,8.4,6.3,5.6,1.5,0.8,2.3,47.8,0.8,0.002,16.0,9.8,3,0
2019,100.3,Ian Mahinmi,WAS,11,22,42,8,8.4,5.9,1.4,0.9,1.5,1.5,56.7,0.2,0.001,16.4,8.3,0,0
2019,100.3,Patrick Beverley,LAC,2,36,44,27,8.3,6.0,4.0,1.3,0.6,1.3,53.8,1.5,0.003,12.9,9.2,0,0
2019,100.3,Svi Mykhailiuk,DET,9,39,44,14,8.3,1.5,1.7,0.6,0.1,1.0,60.6,2.0,0.001,15.6,6.9,0,0
2019,100.3,Ivica Zubac,LAC,2,44,44,31,8.2,6.9,0.9,0.2,1.0,0.8,62.9,0.0,0.002,17.2,13.7,0,0
2019,100.3,Tony Snell,DET,9,40,44,14,8.2,1.7,1.4,0.5,0.2,0.4,63.2,1.9,0.001,11.0,6.1,0,0
2019,100.3,Rondae Hollis-Jefferson,TOR,3,35,43,23,8.1,5.3,1.7,1.0,0.4,1.0,54.1,0.1,0.002,17.2,11.1,0,0
2019,100.3,Gorgui Dieng,MEM,8,39,43,13,8.1,5.9,1.4,0.9,0.9,1.0,56.9,1.1,0.002,18.5,13.9,0,0
2019,100.3,Josh Okogie,MIN,13,41,43,15,8.0,4.4,1.5,1.1,0.5,1.5,53.0,0.7,0.002,15.2,7.1,0,0
2019,100.3,Justin Holiday,IND,6,44,44,28,8.0,3.4,1.5,1.0,0.7,0.5,57.0,1.8,0.002,12.6,7.7,0,0
2019,100.3,Larry Nance Jr.,CLE,13,35,44,9,8.0,6.9,1.6,0.9,0.4,1.0,59.1,0.9,0.001,13.6,11.4,0,0
2019,100.3,Willie Cauley-Stein,DAL,5,40,43,9,8.0,6.3,1.5,1.1,1.2,0.9,58.1,0.0,0.002,14.4,10.8,0,0
2019,100.3,Anzejs Pasecniks,WAS,11,16,42,5,8.0,5.6,1.0,0.5,0.4,1.3,55.5,0.0,0.002,16.7,7.4,0,0
2019,100.3,DeAndre Jordan,BKN,8,37,42,16,8.0,9.7,2.0,0.4,0.9,1.3,67.5,0.0,0.002,13.8,18.1,1,0
2019,100.3,Nerlens Noel,OKC,7,36,44,21,7.9,5.1,1.2,1.1,1.6,1.0,71.4,0.0,0.001,15.6,14.3,0,0
2019,100.3,Kent Bazemore,SAC,13,43,43,18,7.9,4.0,1.4,1.0,0.7,1.4,47.5,1.3,0.002,15.6,5.2,0,0
2019,100.3,Ersan Ilyasova,MIL,1,41,45,35,7.9,5.4,1.0,0.4,0.3,0.6,61.8,0.9,0.002,17.0,12.4,0,0
2019,100.3,De'Anthony Melton,MEM,8,32,43,15,7.9,3.9,3.0,1.3,0.3,1.5,56.1,0.6,0.002,19.1,11.6,0,0
2019,100.3,Naz Reid,MIN,13,12,43,4,7.8,2.5,0.9,0.3,0.5,0.7,49.9,1.3,0.002,27.1,7.8,0,0
2019,100.3,Cameron Johnson,PHX,11,38,43,16,7.8,3.1,0.9,0.4,0.3,0.6,57.4,1.7,0.001,15.4,7.4,0,0
2019,100.3,Rajon Rondo,LAL,1,28,43,22,7.8,3.8,5.4,0.9,0.1,2.1,50.0,0.9,0.002,19.1,12.0,4,0
2019,100.3,Jeff Green,HOU,6,30,42,18,7.8,2.7,0.7,0.4,0.3,0.9,52.3,1.1,0.001,19.4,6.8,0,0
2019,100.3,Avery Bradley,LAL,1,29,43,21,7.7,2.3,1.1,0.9,0.1,1.1,51.3,0.7,0.002,15.5,4.6,0,0
2019,100.3,P.J. Tucker,HOU,6,42,42,26,7.7,7.1,1.4,1.1,0.4,1.2,59.6,1.5,0.002,8.9,6.2,0,0
2019,100.3,Jordan Poole,GSW,15,38,45,8,7.7,2.0,1.9,0.7,0.2,1.0,40.5,1.3,0.001,19.4,3.8,0,0
2019,100.3,Sekou Doumbouya,DET,9,17,44,6,7.7,3.1,0.5,0.5,0.2,0.6,55.8,0.8,0.002,17.0,6.7,0,0
2019,100.3,Austin Rivers,HOU,6,38,42,25,7.7,2.3,1.6,0.6,0.2,0.6,50.8,1.1,0.001,14.3,5.1,0,0
2019,100.3,Dwight Howard,LAL,1,43,43,34,7.7,7.6,0.7,0.4,1.4,1.3,70.1,0.1,0.002,14.2,11.6,8,0
2019,100.3,Bismack Biyombo,CHA,11,42,45,13,7.6,5.9,0.9,0.2,0.9,0.9,57.3,0.0,0.001,17.1,10.1,0,0
2019,100.3,Daniel Theis,BOS,4,38,42,24,7.6,6.0,1.6,0.7,1.4,0.8,58.3,0.4,0.002,14.1,9.4,0,0
2019,100.3,Omari Spellman,MIN,13,42,43,9,7.6,4.7,1.0,0.7,0.5,1.1,55.9,0.9,0.001,17.6,10.8,0,0
2019,100.3,Emmanuel Mudiay,UTA,3,40,43,28,7.6,2.5,2.4,0.4,0.2,1.4,54.7,0.6,0.002,21.1,9.9,0,0
2019,100.3,Grayson Allen,MEM,8,28,43,13,7.5,2.2,1.4,0.2,0.0,0.8,58.1,1.2,0.001,17.2,8.1,0,0
2019,100.3,Marc Gasol,TOR,3,31,43,23,7.5,6.4,3.5,0.9,1.0,1.3,52.4,1.4,0.003,12.9,8.7,3,0
2019,100.3,Kevin Knox II,NYK,13,43,44,12,7.4,3.2,1.1,0.5,0.4,0.7,49.3,1.2,0.001,17.5,7.0,0,0
2019,100.3,Mikal Bridges,PHX,11,43,43,18,7.4,3.7,1.3,1.3,0.4,0.9,62.5,0.6,0.002,11.9,8.5,0,0
2019,100.3,Terence Davis,TOR,3,43,43,29,7.4,3.4,1.9,0.5,0.2,1.0,60.1,1.3,0.002,17.3,11.7,0,0
2019,100.3,Monte Morris,DEN,3,43,43,30,7.4,1.6,3.5,0.7,0.2,0.6,50.6,0.7,0.002,17.3,10.5,0,0
2019,100.3,Mason Plumlee,DEN,3,43,43,30,7.4,5.6,2.4,0.5,0.6,1.5,60.9,0.0,0.002,17.9,12.6,0,0
2019,100.3,Kelly Olynyk,MIA,2,39,43,28,7.4,4.5,1.2,0.7,0.3,1.1,61.4,1.3,0.001,15.0,9.4,0,0
2019,100.3,Wesley Matthews,MIL,1,42,45,36,7.4,2.5,1.4,0.7,0.1,0.7,55.4,1.5,0.003,12.2,5.6,0,0
2019,100.3,Marquese Chriss,GSW,15,40,45,10,7.4,5.4,1.8,0.6,0.9,1.4,56.9,0.1,0.001,18.3,11.8,0,0
2019,100.3,JaVale McGee,LAL,1,43,43,34,7.3,5.9,0.7,0.6,1.7,0.8,66.2,0.1,0.001,15.4,12.2,0,0
2019,100.3,Ky Bowman,GSW,15,37,45,9,7.3,2.5,2.8,1.0,0.1,1.3,49.0,0.8,0.002,16.4,6.6,0,0
2019,100.3,Jalen Brunson,DAL,5,43,43,27,7.3,2.4,3.2,0.4,0.1,1.0,54.0,0.7,0.002,19.2,10.8,0,0
2019,100.3,Malik Beasley,MIN,13,33,43,21,7.3,1.7,0.9,0.6,0.2,0.8,51.9,1.4,0.001,19.2,6.7,0,0
2019,100.3,Kris Dunn,CHI,10,45,45,16,7.2,3.5,3.3,2.0,0.3,1.3,48.6,0.6,0.002,14.7,7.4,0,0
2019,100.3,Michael Porter Jr.,DEN,3,34,43,25,7.2,3.7,0.7,0.3,0.4,0.7,63.0,0.8,0.001,20.5,12.1,0,0
2019,100.3,Delon Wright,DAL,5,41,43,26,7.1,3.6,3.1,1.3,0.4,0.8,57.0,0.6,0.002,14.5,12.0,0,0
2019,100.3,Keita Bates-Diop,DEN,3,31,43,8,7.1,3.0,0.6,0.5,0.5,0.4,54.6,1.0,0.001,15.8,8.8,0,0
2019,100.3,Hamidou Diallo,OKC,7,24,44,12,7.0,3.1,0.7,1.0,0.2,1.0,47.2,0.2,0.002,17.9,5.1,0,0
2019,100.3,Marvin Williams,MIL,1,36,45,12,6.9,2.6,0.9,0.7,0.4,0.6,60.4,1.1,0.001,13.5,7.7,0,0
2019,100.3,James Johnson,MIN,13,13,43,7,6.8,3.1,0.8,0.2,0.7,0.6,67.3,1.2,0.001,16.1,9.6,0,0
2019,100.3,JaMychal Green,LAC,2,35,44,25,6.7,6.5,0.7,0.5,0.4,1.0,54.3,1.3,0.002,13.4,8.1,0,0
2019,100.3,T.J. McConnell,IND,6,42,44,27,6.7,2.6,5.3,0.6,0.1,1.4,54.0,0.1,0.001,17.0,12.7,0,0
2019,100.3,Trey Burke,PHI,5,22,45,12,6.6,1.5,2.3,0.3,0.0,0.5,56.2,0.7,0.001,19.1,11.6,0,0
2019,100.3,PJ Dozier,DEN,3,4,43,3,6.5,2.0,2.0,0.0,0.0,0.8,48.1,0.5,0.002,20.8,7.4,0,0
2019,100.3,Kyle Korver,MIL,1,39,45,33,6.4,1.9,1.2,0.5,0.2,0.8,62.3,1.7,0.002,14.0,7.2,1,0
2019,100.3,Boban Marjanovic,DAL,5,22,43,13,6.4,4.6,0.4,0.2,0.2,0.8,59.6,0.1,0.001,24.8,13.9,0,0
2019,100.3,CJ Miles,WAS,11,10,42,4,6.4,1.2,1.2,1.0,0.4,0.4,47.2,1.1,0.001,16.9,4.8,0,0
2019,100.3,James Ennis III,ORL,7,43,44,29,6.4,3.3,0.9,0.5,0.3,0.7,57.3,0.9,0.001,15.1,7.3,0,0
2019,100.3,Cory Joseph,SAC,13,43,43,15,6.4,2.7,3.5,0.7,0.3,1.2,48.0,0.7,0.002,13.4,6.3,0,0
2019,100.3,Wilson Chandler,BKN,8,14,42,4,6.4,4.6,1.3,0.6,0.4,1.1,54.7,0.9,0.002,14.3,9.4,0,0
2019,100.3,Tyus Jones,MEM,8,43,43,20,6.3,1.6,4.6,0.9,0.1,1.0,50.7,0.5,0.001,15.4,9.8,0,0
2019,100.3,Dwayne Bacon,CHA,11,35,45,8,6.3,2.5,1.4,0.6,0.1,0.9,42.9,0.5,0.001,19.2,5.1,0,0
2019,100.3,Frank Jackson,NOP,12,35,44,14,6.3,1.3,0.8,0.4,0.1,0.9,50.4,0.8,0.0,20.2,4.4,0,0
2019,100.3,Brad Wanamaker,BOS,4,41,42,28,6.3,2.0,2.7,0.6,0.2,1.1,55.1,0.4,0.002,15.5,8.4,0,0
2019,100.3,Gary Payton II,WAS,11,14,42,6,6.2,4.0,2.6,1.9,0.4,1.2,50.0,0.6,0.0,13.7,8.9,0,0
2019,100.3,Royce O'Neale,UTA,3,43,43,30,6.2,5.0,2.6,0.8,0.3,0.8,61.6,1.3,0.003,8.6,7.1,0,0
2019,100.3,Garrison Mathews,WAS,11,15,42,6,6.2,1.5,0.7,0.2,0.1,0.5,72.6,1.2,0.001,14.0,9.1,0,0
2019,100.3,Abdel Nader,OKC,7,32,44,21,6.2,1.6,0.8,0.3,0.3,0.9,59.5,0.9,0.002,15.9,6.5,0,0
2019,100.3,Frank Ntilikina,NYK,13,40,44,11,6.1,2.2,3.2,1.0,0.4,1.4,48.9,0.8,0.001,14.6,6.0,0,0
2019,100.3,Meyers Leonard,MIA,2,43,43,30,6.1,5.0,1.2,0.3,0.3,0.7,65.1,1.0,0.002,11.6,9.0,0,0
2019,100.3,Justin Jackson,DAL,5,38,43,25,6.1,2.4,0.6,0.2,0.1,0.2,51.5,0.9,0.001,15.6,6.5,0,0
2019,100.3,Damian Jones,ATL,15,39,44,9,6.1,3.6,0.6,0.4,0.8,0.5,71.9,0.1,0.0,11.9,7.9,0,0
2019,100.3,Allonzo Trier,NYK,13,20,44,2,6.0,1.3,1.2,0.1,0.2,1.0,58.7,0.8,0.001,20.3,8.0,0,0
2019,100.3,Chris Boucher,TOR,3,38,43,26,6.0,4.4,0.4,0.3,0.9,0.4,56.1,0.5,0.001,18.1,12.6,0,0
2019,100.3,Damyean Dotson,NYK,13,37,44,11,6.0,1.9,1.2,0.4,0.1,0.4,50.1,1.0,0.001,15.5,7.8,0,0
2019,100.3,Trevor Ariza,POR,10,32,45,12,6.0,4.6,1.6,1.1,0.2,0.9,54.3,1.3,0.002,11.1,7.9,0,0
2019,100.3,Nickeil Alexander-Walker,NOP,12,35,44,14,6.0,2.1,2.0,0.3,0.2,1.0,45.4,1.1,0.0,22.5,6.9,0,0
2019,100.3,Chandler Hutchison,CHI,10,18,45,5,5.9,3.1,0.7,0.8,0.3,1.1,53.6,0.4,0.002,16.8,8.3,0,0
2019,100.3,DeAndre' Bembry,ATL,15,43,44,10,5.8,3.5,1.9,1.3,0.4,1.4,50.0,0.3,0.001,13.7,6.9,0,0
2019,100.3,Nicolo Melli,NOP,12,33,44,13,5.8,2.4,1.0,0.6,0.2,0.8,57.8,0.9,0.001,15.5,7.0,0,0
2019,100.3,Kelan Martin,MIN,13,17,43,8,5.8,3.4,0.5,0.2,0.3,0.4,44.1,0.9,0.002,15.7,6.0,0,0
2019,100.3,Skal Labissiere,ATL,15,33,44,14,5.8,5.1,1.3,0.2,0.9,0.9,58.8,0.1,0.001,13.9,9.3,0,0
2019,100.3,Denzel Valentine,CHI,10,24,45,8,5.8,1.8,0.9,0.6,0.2,0.5,55.6,1.2,0.001,21.0,11.3,0,0
2019,100.3,Brandon Goodwin,ATL,15,15,44,5,5.7,1.9,1.5,0.5,0.2,0.9,50.4,0.8,0.001,21.8,9.0,0,0
2019,100.3,Georges Niang,UTA,3,37,43,27,5.7,1.9,0.6,0.2,0.1,0.4,63.0,1.3,0.001,15.6,8.5,0,0
2019,100.3,Tyler Johnson,PHX,11,28,43,10,5.7,1.8,1.7,0.4,0.3,0.8,47.0,0.7,0.001,16.8,5.7,0,0
2019,100.3,Solomon Hill,MIA,2,41,43,20,5.7,3.1,2.0,0.7,0.2,0.8,52.4,1.1,0.001,13.7,7.1,0,0
2019,100.3,Patrick McCaw,TOR,3,22,43,15,5.7,2.2,2.6,1.2,0.2,1.0,52.1,0.7,0.002,10.4,5.5,0,0
2019,100.3,Lonnie Walker IV,SAS,9,34,42,17,5.6,2.1,0.6,0.4,0.1,0.6,51.3,0.5,0.001,20.4,7.6,0,0
2019,100.3,Marco Belinelli,SAS,9,38,42,17,5.6,1.8,1.3,0.2,0.0,0.3,48.2,0.9,0.001,16.6,6.2,0,0
2019,100.3,Mike Scott,PHI,5,45,45,29,5.6,3.4,0.6,0.3,0.1,0.4,52.7,1.1,0.002,12.9,7.0,0,0
2019,100.3,Quinn Cook,LAL,1,29,43,23,5.6,1.3,1.3,0.3,0.0,0.8,53.3,0.7,0.001,19.1,8.1,0,0
2019,100.3,Alex Caruso,LAL,1,40,43,32,5.6,2.0,1.8,1.0,0.3,0.9,53.5,0.7,0.003,13.3,6.8,0,0
2019,100.3,Robin Lopez,MIL,1,42,45,36,5.5,2.7,0.7,0.1,0.7,0.9,55.7,0.4,0.002,16.3,7.0,0,0
2019,100.3,Chris Clemons,HOU,6,24,42,15,5.5,0.8,0.8,0.3,0.2,0.6,58.9,1.4,0.001,23.5,8.8,0,0
2019,100.3,Isaiah Hartenstein,HOU,6,18,42,12,5.4,4.6,0.9,0.4,0.7,0.7,69.6,0.0,0.001,14.2,12.3,0,0
2019,100.3,Maurice Harkless,NYK,13,43,44,30,5.4,4.0,1.0,1.0,0.7,0.9,57.3,0.5,0.002,10.2,6.0,0,0
2019,100.3,Mo Bamba,ORL,7,40,44,20,5.3,5.4,0.7,0.4,1.4,0.8,51.1,0.6,0.002,16.4,11.3,0,0
2019,100.3,Timothe Luwawu-Cabarrot,BKN,8,20,42,5,5.3,2.4,0.7,0.5,0.1,1.0,56.3,0.9,0.002,13.5,4.9,0,0
2019,100.3,Michael Carter-Williams,ORL,7,21,44,10,5.3,3.1,2.0,1.0,0.4,0.9,45.5,0.3,0.002,17.2,8.8,0,0
2019,100.3,Taj Gibson,NYK,13,41,44,12,5.2,4.3,1.0,0.5,0.4,0.9,56.3,0.0,0.0,13.7,8.1,0,0
2019,100.3,David Nwaba,BKN,8,20,42,8,5.2,2.3,0.4,0.6,0.6,0.4,62.7,0.6,0.002,13.9,9.8,0,0
2019,100.3,Dennis Smith Jr.,NYK,13,21,44,3,5.2,2.1,2.7,0.5,0.3,1.4,39.2,0.6,0.001,20.2,3.5,0,0
2019,100.3,Gary Trent Jr.,POR,10,32,45,13,5.2,1.4,0.8,0.5,0.2,0.3,52.1,1.1,0.001,14.6,5.8,0,0
2019,100.3,Treveon Graham,ATL,15,34,44,12,5.2,2.9,0.9,0.5,0.1,0.6,45.1,0.6,0.001,13.1,3.8,0,0
2019,100.3,Sterling Brown,MIL,1,32,45,27,5.1,3.8,1.0,0.6,0.1,0.9,49.9,0.8,0.002,16.1,8.7,0,0
2019,100.3,Terrance Ferguson,OKC,7,36,44,20,5.1,1.7,0.9,0.6,0.3,0.7,53.3,1.1,0.001,9.4,1.3,0,0
2019,100.3,Allen Crabbe,MIN,13,29,43,4,5.0,2.3,1.1,0.5,0.1,0.4,47.9,1.1,0.001,12.2,5.2,0,0
2019,100.3,Reggie Jackson,LAC,2,2,44,1,5.0,2.5,4.0,0.0,0.0,0.5,43.7,0.5,0.003,14.3,12.1,0,0
2019,100.3,Yogi Ferrell,SAC,13,32,43,11,5.0,1.3,1.5,0.3,0.1,0.6,54.0,0.5,0.001,17.7,9.9,0,0
2019,100.3,Jakob Poeltl,SAS,9,42,42,19,5.0,5.5,1.9,0.5,1.5,0.8,60.0,0.0,0.001,11.6,10.8,0,0
2019,100.3,Vince Carter,ATL,15,37,44,9,4.9,1.9,0.9,0.4,0.4,0.6,45.5,1.0,0.001,16.3,4.5,8,0
2019,100.3,Brandon Knight,DET,9,16,44,3,4.9,1.3,1.9,0.3,0.1,1.0,43.1,1.2,0.0,19.1,3.1,0,0
2019,100.3,Dewayne Dedmon,ATL,15,28,44,9,4.9,4.2,0.3,0.3,0.5,1.4,48.4,0.4,0.001,19.7,5.5,0,0
2019,100.3,Kadeem Allen,NYK,13,9,44,2,4.9,0.9,2.1,0.4,0.2,0.9,48.3,0.6,0.0,22.2,7.6,0,0
2019,100.3,Patrick Patterson,LAC,2,39,44,26,4.9,2.7,0.7,0.2,0.1,0.3,54.1,1.2,0.001,14.5,8.5,0,0
2019,100.3,John Henson,DET,9,21,44,6,4.9,3.8,1.4,0.6,1.2,0.7,54.6,0.1,0.001,16.5,11.9,0,0
2019,100.3,Pat Connaughton,MIL,1,41,45,37,4.8,4.1,1.7,0.3,0.5,0.8,53.2,0.6,0.002,11.9,8.9,0,0
2019,100.3,Matt Thomas,TOR,3,17,43,12,4.8,1.4,0.4,0.2,0.0,0.4,65.0,1.2,0.001,14.4,8.5,0,0
2019,100.3,Edmond Sumner,IND,6,16,44,6,4.8,1.5,1.7,0.7,0.4,0.6,50.1,0.4,0.001,16.0,5.9,0,0
2019,100.3,Wes Iwundu,ORL,7,30,44,15,4.8,2.7,1.0,0.6,0.3,0.5,47.1,0.3,0.002,13.1,5.9,0,0
2019,100.3,Kyle Anderson,MEM,8,37,43,18,4.8,3.8,2.1,0.7,0.4,0.8,50.9,0.2,0.001,13.5,9.0,0,0
2019,100.3,Daniel Gafford,CHI,10,32,45,12,4.8,2.4,0.4,0.3,1.3,0.5,66.6,0.0,0.001,13.2,8.8,0,0
2019,100.3,Jordan McLaughlin,MIN,13,9,43,3,4.8,2.0,3.1,0.8,0.0,0.7,44.2,0.8,0.001,14.3,9.2,0,0
2019,100.3,Harry Giles III,SAC,13,17,43,6,4.8,2.6,1.1,0.5,0.2,1.0,49.2,0.0,0.001,23.6,7.7,0,0
2019,100.3,JaKarr Sampson,IND,6,14,44,8,4.7,2.4,0.3,0.4,0.5,0.4,62.8,0.1,0.001,12.4,6.7,0,0
2019,100.3,Johnathan Williams,WAS,11,7,42,3,4.7,5.7,0.9,0.1,0.7,0.4,63.0,0.0,0.0,9.3,11.4,0,0
2019,100.3,Trey Lyles,SAS,9,42,42,19,4.7,5.8,1.2,0.3,0.4,0.6,50.3,0.7,0.001,12.8,8.8,0,0
2019,100.3,Matisse Thybulle,PHI,5,37,45,26,4.7,1.6,1.3,1.5,0.9,0.9,52.3,0.9,0.002,11.5,4.6,0,0
2019,100.3,Alen Smailagic,GSW,15,9,45,1,4.7,2.4,0.9,0.1,0.3,0.6,62.9,0.2,0.001,17.3,10.8,0,0
2019,100.3,Naz Mitrou-Long,IND,6,3,44,2,4.7,2.0,2.3,0.3,0.3,0.7,43.8,0.7,0.004,17.3,12.5,0,0
2019,100.3,Nicolas Claxton,BKN,8,12,42,4,4.7,2.7,1.2,0.1,0.7,0.6,57.6,0.1,0.001,14.3,8.5,0,0
2019,100.3,Troy Daniels,LAL,1,33,43,25,4.6,1.1,0.4,0.2,0.1,0.2,54.9,1.1,0.001,15.0,6.5,0,0
2019,100.3,Willy Hernangomez,CHA,11,16,45,1,4.6,2.8,0.3,0.1,0.3,0.7,61.7,0.3,0.001,25.4,14.8,0,0
2019,100.3,Mario Hezonja,POR,10,33,45,13,4.6,3.9,0.8,0.6,0.1,0.8,51.0,0.4,0.001,13.2,6.3,0,0
2019,100.3,Dzanan Musa,BKN,8,30,42,14,4.6,2.1,1.0,0.4,0.0,0.9,45.6,0.5,0.001,18.6,6.0,0,0
2019,100.3,Marko Guduric,MEM,8,28,43,11,4.5,1.9,1.4,0.3,0.2,1.0,47.2,0.6,0.001,16.8,5.5,0,0
2019,100.3,Theo Pinson,BKN,8,25,42,11,4.5,1.8,1.9,0.6,0.1,1.3,37.2,0.6,0.002,23.0,4.3,0,0
2019,100.3,Dante Exum,CLE,13,22,44,6,4.5,1.5,1.0,0.3,0.2,1.0,58.2,0.5,0.001,15.9,7.6,0,0
2019,100.3,Cheick Diallo,PHX,11,27,43,11,4.5,2.5,0.5,0.2,0.1,0.5,71.0,0.0,0.001,17.1,13.6,0,0
2019,100.3,Elie Okobo,PHX,11,34,43,15,4.5,1.4,2.1,0.4,0.1,0.4,52.3,0.5,0.001,16.6,8.8,0,0
2019,100.3,Tony Bradley,UTA,3,32,43,22,4.4,4.1,0.3,0.3,0.5,0.6,64.4,0.0,0.001,15.9,11.6,0,0
2019,100.3,Isaac Bonga,WAS,11,37,42,12,4.4,3.3,1.1,0.7,0.3,0.6,61.5,0.2,0.001,9.9,6.5,0,0
2019,100.3,Jacob Evans,MIN,13,21,43,5,4.4,1.6,1.0,0.3,0.3,1.1,40.7,0.5,0.001,17.6,2.1,0,0
2019,100.3,Jaylen Nowell,MIN,13,7,43,1,4.4,0.7,0.9,0.0,0.1,0.4,44.9,0.3,0.001,18.7,5.6,0,0
2019,100.3,Al-Farouq Aminu,ORL,7,18,44,7,4.3,4.8,1.2,1.0,0.4,0.9,39.5,0.5,0.003,12.7,6.3,0,0
2019,100.3,Dragan Bender,GSW,15,6,45,6,4.3,3.0,1.3,0.0,0.7,0.8,61.0,0.7,0.002,12.8,6.4,0,0
2019,100.3,Tremont Waters,BOS,4,6,42,4,4.3,1.0,1.3,0.7,0.3,0.8,47.0,0.3,0.001,22.6,7.5,0,0
2019,100.3,Ante Zizic,CLE,13,16,44,2,4.3,3.4,0.2,0.4,0.3,0.3,62.1,0.0,0.0,15.4,12.0,0,0
2019,100.3,Rodions Kurucs,BKN,8,27,42,7,4.3,2.5,0.9,0.4,0.1,1.0,57.5,0.7,0.002,14.4,6.1,0,0
2019,100.3,Darius Bazley,OKC,7,44,44,25,4.3,3.8,0.5,0.4,0.7,0.8,45.6,0.6,0.002,13.7,7.1,0,0
2019,100.3,Noah Vonleh,DEN,3,28,43,10,4.3,4.1,0.9,0.4,0.2,0.7,60.5,0.1,0.002,13.6,12.7,0,0
2019,100.3,Tacko Fall,BOS,4,4,42,3,4.3,2.5,0.0,0.0,0.5,0.8,69.0,0.0,0.001,30.6,19.0,0,0
2019,100.3,Luguentz Dort,OKC,7,9,44,7,4.2,1.3,0.8,0.4,0.0,0.7,42.1,0.3,0.003,13.4,-0.9,0,0
2019,100.3,Luke Kornet,CHI,10,25,45,8,4.2,1.8,0.8,0.2,0.8,0.3,49.4,0.8,0.001,15.4,6.3,0,0
2019,100.3,Iman Shumpert,BKN,8,13,42,9,4.2,2.6,0.9,0.9,0.2,0.8,40.3,0.6,0.001,13.4,3.9,0,0
2019,100.3,Gary Clark,ORL,7,22,44,14,4.1,2.6,0.5,0.1,0.4,0.2,57.6,1.0,0.001,11.9,7.8,0,0
2019,100.3,Wayne Ellington,NYK,13,23,44,3,4.0,1.7,1.0,0.3,0.1,0.6,45.7,1.1,0.001,14.4,5.1,0,0
2019,100.3,Mike Muscala,OKC,7,30,44,16,4.0,2.4,0.9,0.2,0.3,0.4,47.3,0.8,0.002,15.6,6.6,0,0
2019,100.3,Michael Kidd-Gilchrist,DAL,5,12,43,4,4.0,2.9,0.8,0.0,0.3,0.6,42.1,0.4,0.002,17.1,5.4,0,0
2019,100.3,Bruno Fernando,ATL,15,39,44,9,3.9,3.1,0.9,0.3,0.3,0.8,53.4,0.1,0.001,15.0,7.5,0,0
2019,100.3,Shake Milton,PHI,5,12,45,9,3.9,1.3,0.8,0.1,0.1,1.1,49.2,0.4,0.001,24.4,3.9,0,0
2019,100.3,Anthony Tolliver,SAC,13,33,43,14,3.9,3.3,0.9,0.2,0.3,0.6,51.5,0.9,0.0,10.9,5.0,0,0
2019,100.3,Khem Birch,ORL,7,30,44,14,3.9,4.8,1.0,0.5,0.6,0.7,52.8,0.0,0.001,8.9,5.9,0,0
2019,100.3,Robert Williams III,BOS,4,19,42,14,3.9,4.6,1.1,0.9,1.1,0.8,67.1,0.0,0.001,11.2,12.0,0,0
2019,100.3,Raul Neto,PHI,5,36,45,22,3.9,0.9,1.5,0.5,0.1,0.8,55.4,0.5,0.001,16.9,9.3,0,0
2019,100.3,Ryan Arcidiacono,CHI,10,41,45,16,3.9,1.7,1.5,0.4,0.0,0.6,52.1,0.8,0.002,11.8,5.4,0,0
2019,100.3,Cody Martin,CHA,11,32,45,10,3.8,2.4,1.2,0.7,0.2,0.6,48.2,0.3,0.001,13.0,6.8,0,0
2019,100.3,Kenrich Williams,NOP,12,35,44,12,3.8,5.1,1.5,0.7,0.6,0.6,43.0,0.7,0.001,9.0,5.4,0,0
2019,100.3,Tim Frazier,DET,9,26,44,9,3.7,1.3,3.6,0.5,0.2,1.3,46.8,0.4,0.001,17.1,7.0,0,0
2019,100.3,Thon Maker,DET,9,41,44,16,3.7,2.0,0.4,0.3,0.5,0.6,60.6,0.3,0.0,14.6,5.9,0,0
2019,100.3,Ryan Broekhoff,DAL,5,10,43,7,3.7,1.4,0.4,0.2,0.1,0.2,66.9,1.0,0.001,14.9,9.7,0,0
2019,100.3,Alfonzo McKinnie,CLE,13,29,44,7,3.7,2.7,0.3,0.5,0.2,0.6,48.0,0.3,0.0,13.9,4.5,0,0
2019,100.3,Rodney McGruder,LAC,2,32,44,22,3.6,2.9,0.7,0.5,0.2,0.4,47.9,0.6,0.001,9.7,4.3,0,0
2019,100.3,Nicolas Batum,CHA,11,21,45,6,3.5,4.5,2.9,0.8,0.4,1.0,48.9,0.7,0.001,9.1,7.1,0,0
2019,100.3,Jevon Carter,PHX,11,28,43,13,3.5,1.8,1.4,0.8,0.3,0.8,49.2,0.7,0.001,13.7,6.1,0,0
2019,100.3,Chris Silva,MIA,2,30,43,21,3.5,3.1,0.5,0.2,0.5,1.0,71.2,0.0,0.001,16.3,8.5,0,0
2019,100.3,Admiral Schofield,WAS,11,24,42,7,3.5,1.4,0.6,0.3,0.1,0.3,52.3,0.6,0.001,12.4,3.7,0,0
2019,100.3,Evan Turner,MIN,13,18,43,3,3.3,2.0,2.0,0.4,0.4,1.4,43.4,0.0,0.001,16.1,6.8,0,0
2019,100.3,Kyle O'Quinn,PHI,5,21,45,15,3.3,3.7,1.5,0.2,0.8,0.9,54.2,0.3,0.0,15.4,10.7,0,0
2019,100.3,Nassir Little,POR,10,34,45,14,3.3,2.6,0.5,0.3,0.4,0.4,46.1,0.2,0.001,13.0,4.8,0,0
2019,100.3,Courtney Lee,DAL,5,10,43,8,3.3,0.5,0.3,0.0,0.2,0.2,71.7,0.7,0.0,13.7,5.9,0,0
2019,100.3,Torrey Craig,DEN,3,30,43,23,3.2,2.3,0.6,0.3,0.6,0.4,47.6,0.4,0.001,11.5,3.7,0,0
2019,100.3,Ty Jerome,PHX,11,13,43,5,3.2,1.4,1.8,0.8,0.1,0.7,41.0,0.5,0.0,16.3,6.5,0,0
2019,100.3,Grant Williams,BOS,4,40,42,28,3.2,2.4,1.0,0.4,0.4,0.8,47.2,0.3,0.002,11.7,3.0,0,0
2019,100.3,Carsen Edwards,BOS,4,27,42,19,3.2,1.4,0.7,0.3,0.1,0.5,43.2,0.7,0.001,17.0,5.5,0,0
2019,100.3,Goga Bitadze,IND,6,35,44,22,3.2,2.3,0.5,0.1,0.7,0.5,53.0,0.1,0.001,15.8,7.1,0,0
2019,100.3,Jerome Robinson,WAS,11,36,42,25,3.2,1.5,1.1,0.3,0.2,0.6,43.4,0.5,0.002,14.1,3.6,0,0
2019,100.3,Jordan Bell,MEM,8,25,43,8,3.2,3.0,0.6,0.1,0.4,0.7,56.6,0.1,0.0,15.9,10.2,0,0
2019,100.3,D.J. Wilson,MIL,1,26,45,24,3.1,2.0,0.7,0.0,0.2,0.5,48.7,0.4,0.001,16.2,7.1,0,0
2019,100.3,Javonte Green,BOS,4,34,42,23,3.1,1.5,0.3,0.4,0.1,0.3,59.7,0.2,0.001,15.0,8.7,0,0
2019,100.3,TJ Leaf,IND,6,22,44,13,3.0,2.7,0.3,0.3,0.1,0.3,47.6,0.2,0.001,17.1,10.3,0,0
2019,100.3,Drew Eubanks,SAS,9,7,42,5,3.0,2.3,0.3,0.0,0.1,0.6,68.5,0.0,-0.001,19.4,12.5,0,0
2019,100.3,Mfiondu Kabengele,LAC,2,10,44,8,2.9,0.8,0.1,0.1,0.1,0.1,62.2,0.6,0.001,22.9,11.8,0,0
2019,100.3,Tyrone Wallace,ATL,15,14,44,3,2.9,1.6,0.9,0.5,0.1,0.7,38.9,0.1,0.001,15.4,3.2,0,0
2019,100.3,Matthew Dellavedova,CLE,13,41,44,12,2.8,1.2,2.7,0.4,0.0,0.9,43.8,0.3,0.001,13.3,5.4,0,0
2019,100.3,Bruno Caboclo,HOU,6,22,42,7,2.8,2.0,0.5,0.5,0.5,0.3,44.1,0.2,0.001,15.8,7.2,0,0
2019,100.3,Chandler Parsons,ATL,15,5,44,0,2.8,1.4,0.6,0.8,0.2,0.6,38.9,0.8,0.0,15.0,3.8,0,0
2019,100.3,Justin James,SAC,13,24,43,8,2.8,1.2,0.6,0.2,0.4,0.3,44.8,0.3,0.001,17.4,6.3,0,0
2019,100.3,BJ Johnson,ORL,7,4,44,3,2.8,1.0,0.5,0.5,0.0,0.8,39.3,0.3,0.001,17.2,5.3,0,0
2019,100.3,Juancho Hernangomez,MIN,13,28,43,17,2.8,2.4,0.6,0.1,0.1,0.5,42.6,0.5,0.001,13.0,5.1,0,0
2019,100.3,Shaquille Harrison,CHI,10,27,45,11,2.7,1.3,0.9,0.4,0.2,0.2,48.4,0.1,0.001,17.5,10.4,0,0
2019,100.3,Chimezie Metu,SAS,9,11,42,5,2.7,1.5,0.3,0.1,0.3,0.1,60.9,0.0,0.001,23.4,28.3,0,0
2019,100.3,Jaylen Hoard,POR,10,12,45,7,2.7,2.5,0.3,0.4,0.0,0.3,47.3,0.0,0.001,15.1,8.6,0,0
2019,100.3,Semi Ojeleye,BOS,4,40,42,27,2.6,1.7,0.5,0.3,0.1,0.2,52.0,0.6,0.002,8.0,4.1,0,0
2019,100.3,Norvel Pelle,PHI,5,13,45,8,2.6,3.6,0.5,0.1,1.5,0.8,59.6,0.0,0.001,11.5,7.8,0,0
2019,100.3,Charles Brown Jr.,ATL,15,5,44,0,2.6,0.8,0.2,0.0,0.4,0.0,53.3,0.4,0.002,17.6,16.7,0,0
2019,100.3,Kevon Looney,GSW,15,10,45,3,2.6,2.9,0.4,0.3,0.2,0.6,38.0,0.1,0.0,15.3,2.8,0,0
2019,100.3,Amir Coffey,LAC,2,2,44,1,2.5,0.0,0.5,0.0,0.0,0.0,83.3,0.5,0.0,23.1,14.0,0,0
2019,100.3,Max Strus,CHI,10,2,45,0,2.5,0.5,0.0,0.0,0.0,0.0,72.7,0.0,0.001,15.8,12.3,0,0
2019,100.3,Ryan Anderson,HOU,6,2,42,1,2.5,3.5,1.0,0.5,0.0,0.5,35.7,0.5,0.001,24.2,11.5,0,0
2019,100.3,Udonis Haslem,MIA,2,2,43,2,2.5,1.5,0.0,0.0,0.0,0.0,90.6,0.0,0.0,13.0,11.9,0,0
2019,100.3,Chris Chiozza,BKN,8,11,42,2,2.5,1.5,2.6,0.9,0.2,0.8,36.5,0.6,0.003,14.6,8.3,0,0
2019,100.3,Romeo Langford,BOS,4,12,42,10,2.4,0.9,0.2,0.3,0.2,0.2,56.8,0.2,0.002,10.3,5.4,0,0
2019,100.3,Deonte Burton,OKC,7,26,44,15,2.4,1.3,0.3,0.2,0.3,0.3,38.8,0.2,0.001,17.4,3.0,0,0
2019,100.3,Oshae Brissett,TOR,3,13,43,9,2.3,1.5,0.3,0.2,0.1,0.3,46.0,0.2,0.001,13.5,3.6,0,0
2019,100.3,Dean Wade,CLE,13,7,44,0,2.3,2.1,0.1,0.3,0.4,0.4,76.6,0.3,0.0,11.4,9.8,0,0
2019,100.3,Shamorie Ponds,TOR,3,4,43,4,2.3,0.3,0.5,0.0,0.3,0.0,76.5,0.3,0.0,22.2,19.1,0,0
2019,100.3,Derrick Walton Jr.,DET,9,22,44,14,2.2,0.7,1.0,0.2,0.0,0.2,62.7,0.4,0.001,8.3,5.6,0,0
2019,100.3,DeMarre Carroll,HOU,6,15,42,7,2.2,2.1,0.7,0.1,0.1,0.7,43.7,0.2,0.001,15.0,3.1,0,0
2019,100.3,Jalen McDaniels,CHA,11,2,45,0,2.0,0.5,0.0,0.0,0.0,0.0,40.0,0.0,0.0,31.3,5.9,0,0
2019,100.3,Matt Mooney,CLE,13,1,44,0,2.0,1.0,1.0,0.0,1.0,0.0,50.0,0.0,0.0,22.2,23.3,0,0
2019,100.3,Thabo Sefolosha,HOU,6,27,42,18,2.0,2.2,0.6,0.4,0.2,0.3,47.8,0.4,0.001,9.5,6.1,0,0
2019,100.3,Thanasis Antetokounmpo,MIL,1,13,45,12,2.0,0.5,0.5,0.1,0.1,0.4,55.3,0.0,0.0,20.1,5.7,0,0
2019,100.3,Terance Mann,LAC,2,27,44,19,1.9,1.0,1.1,0.2,0.1,0.5,50.6,0.1,0.001,11.6,5.3,0,0
2019,100.3,Ignas Brazdeikis,NYK,13,9,44,1,1.9,0.6,0.4,0.0,0.1,0.2,35.1,0.1,0.0,21.8,1.8,0,0
2019,100.3,Tyler Cook,CLE,13,9,44,2,1.9,0.9,0.1,0.1,0.0,0.1,79.9,0.0,0.0,16.2,11.5,0,0
2019,100.3,Vincent Poirier,BOS,4,12,42,11,1.8,1.6,0.3,0.2,0.3,0.3,48.3,0.1,0.0,18.9,6.6,0,0
2019,100.3,Caleb Martin,CHA,11,5,45,0,1.8,1.0,0.6,0.2,0.4,0.6,36.9,0.0,0.001,19.2,3.5,0,0
2019,100.3,Cristiano Felicio,CHI,10,5,45,2,1.8,1.4,0.6,0.2,0.0,0.4,69.9,0.0,0.0,7.3,5.8,0,0
2019,100.3,Justin Patton,OKC,7,5,44,2,1.8,1.0,0.4,0.0,0.0,0.4,45.0,0.2,0.0,19.4,2.9,0,0
2019,100.3,Louis King,DET,9,4,44,1,1.8,0.5,0.3,0.3,0.0,0.3,50.0,0.3,0.0,28.6,7.0,0,0
2019,100.3,Yuta Watanabe,MEM,8,4,43,1,1.8,1.3,0.0,0.0,0.3,0.3,58.3,0.3,0.001,15.6,10.1,0,0
2019,100.3,Wenyen Gabriel,POR,10,11,45,2,1.7,0.9,0.3,0.3,0.2,0.5,44.4,0.1,0.0,16.5,3.3,0,0
2019,100.3,Michael Frazier,HOU,6,3,42,1,1.7,1.0,0.3,0.0,0.0,0.0,50.0,0.3,0.001,14.7,5.8,0,0
2019,100.3,Alize Johnson,IND,6,11,44,8,1.6,1.4,0.2,0.0,0.0,0.1,54.1,0.0,0.0,13.9,8.0,0,0
2019,100.3,Melvin Frazier Jr.,ORL,7,11,44,4,1.6,0.4,0.1,0.3,0.2,0.2,48.0,0.4,0.001,18.4,2.5,0,0
2019,100.3,Jared Dudley,LAL,1,30,43,22,1.6,0.9,0.6,0.3,0.1,0.2,60.4,0.4,0.001,7.7,4.6,0,0
2019,100.3,Josh Magette,ORL,7,8,44,3,1.5,0.8,0.6,0.4,0.1,0.6,37.8,0.1,0.001,22.6,5.7,0,0
2019,100.3,Justin Robinson,WAS,11,9,42,2,1.4,0.6,0.8,0.0,0.1,0.3,54.2,0.3,0.001,13.3,7.7,0,0
2019,100.3,Moses Brown,POR,10,7,45,4,1.4,1.6,0.0,0.1,0.0,0.4,46.5,0.0,-0.001,22.6,4.7,0,0
2019,100.3,Tyson Chandler,HOU,6,25,42,15,1.4,2.6,0.2,0.2,0.3,0.3,71.7,0.0,0.001,5.7,6.2,1,0
2019,100.3,Stanley Johnson,TOR,3,14,43,10,1.4,1.1,0.3,0.2,0.1,0.5,34.2,0.1,0.001,19.8,2.5,0,0
2019,100.3,Antonius Cleveland,DAL,5,3,43,2,1.3,1.0,0.0,0.0,0.0,0.3,66.7,0.0,0.0,12.1,7.3,0,0
2019,100.3,Jonah Bolden,PHX,11,3,43,3,1.3,0.3,0.0,0.3,0.0,0.7,51.5,0.0,-0.001,17.6,-4.8,0,0
2019,100.3,Zylan Cheatham,NOP,12,3,44,2,1.3,2.0,0.7,0.0,0.3,1.0,40.0,0.0,0.0,11.4,0.9,0,0
2019,100.3,Ed Davis,UTA,3,21,43,14,1.3,4.0,0.4,0.4,0.4,0.6,38.7,0.0,0.001,9.1,4.5,0,0
2019,100.3,Johnathan Motley,LAC,2,7,44,5,1.3,0.3,0.7,0.4,0.0,0.6,76.5,0.1,0.0,25.6,10.1,0,0
2019,100.3,Frank Mason,MIL,1,4,45,4,1.3,0.5,1.3,0.3,0.0,0.3,28.5,0.3,0.001,22.2,2.0,0,0
2019,100.3,Rayjon Tucker,UTA,3,10,43,9,1.1,0.9,0.2,0.1,0.0,0.1,36.2,0.0,0.0,10.3,2.4,0,0
2019,100.3,DaQuan Jeffries,SAC,13,2,43,0,1.0,0.5,0.5,0.0,0.0,0.0,100.0,0.0,0.002,3.6,7.4,0,0
2019,100.3,Devon Hall,OKC,7,5,44,3,1.0,0.2,0.6,0.0,0.0,0.2,37.0,0.0,0.001,16.7,2.7,0,0
2019,100.3,Dewan Hernandez,TOR,3,4,43,4,1.0,1.8,0.0,0.3,0.0,0.3,34.0,0.0,0.0,23.3,0.0,0,0
2019,100.3,Jordan Bone,DET,9,4,44,1,1.0,0.0,0.8,0.0,0.0,0.5,28.6,0.0,0.0,23.7,-3.9,0,0
2019,100.3,Josh Gray,NOP,12,2,44,1,1.0,1.0,1.0,0.0,0.0,2.5,50.0,0.0,0.002,13.7,-2.4,0,0
2019,100.3,Justin Anderson,BKN,8,3,42,2,1.0,0.7,0.0,0.0,0.3,0.0,21.8,0.0,0.001,15.9,-4.7,0,0
2019,100.3,Keldon Johnson,SAS,9,2,42,0,1.0,1.0,0.0,0.0,0.0,0.0,25.0,0.0,0.002,22.2,4.4,0,0
2019,100.3,Malcolm Miller,TOR,3,21,43,18,1.0,0.7,0.4,0.2,0.1,0.1,44.2,0.2,0.001,8.9,3.3,0,0
2019,100.3,Amile Jefferson,ORL,7,15,44,5,0.9,1.4,0.3,0.0,0.2,0.2,38.3,0.0,0.001,12.6,4.8,0,0
2019,100.3,Daryl Macon,MIA,2,4,43,4,0.8,0.0,0.3,0.0,0.0,0.5,50.0,0.3,0.001,16.7,-2.8,0,0
2019,100.3,Caleb Swanigan,POR,10,7,45,3,0.7,1.0,0.3,0.1,0.3,0.9,51.2,0.0,0.0,18.0,-2.6,0,0
2019,100.3,Brian Bowen II,IND,6,3,44,2,0.7,0.3,0.0,0.0,0.3,0.0,25.0,0.0,0.0,16.0,1.3,0,0
2019,100.3,Vlatko Cancar,DEN,3,7,43,3,0.6,0.1,0.3,0.0,0.0,0.0,51.5,0.0,0.0,13.3,8.3,0,0
2019,100.3,Jarred Vanderbilt,MIN,13,4,43,2,0.5,0.5,0.3,0.0,0.0,0.5,100.0,0.0,0.0,8.8,3.1,0,0
2019,100.3,Khyri Thomas,DET,9,2,44,1,0.5,0.0,0.0,0.0,0.0,0.0,56.8,0.0,0.001,8.3,0.0,0,0
2019,100.3,Juwan Morgan,UTA,3,9,43,7,0.4,0.6,0.1,0.0,0.1,0.2,40.0,0.0,0.001,8.1,3.0,0,0
2019,100.3,Nigel Williams-Goss,UTA,3,9,43,5,0.4,0.6,0.6,0.1,0.1,0.2,25.4,0.0,0.001,14.1,5.0,0,0
2019,100.3,Henry Ellenson,BKN,8,5,42,2,0.4,1.2,0.2,0.0,0.0,0.0,14.3,0.0,0.001,15.9,4.1,0,0
2019,100.3,Adam Mokoka,CHI,10,2,45,1,0.0,1.0,0.0,0.0,0.0,0.0,0.0,0.0,0.0,33.3,-22.2,0,0
2019,100.3,Jalen Lecque,PHX,11,1,43,1,0.0,0.0,0.0,0.0,0.0,0.0,0.0,0.0,-0.001,20.0,-9.1,0,0
2019,100.3,Jared Harper,PHX,11,1,43,1,0.0,0.0,0.0,0.0,0.0,0.0,0.0,0.0,0.0,16.7,-15.4,0,0
2019,100.3,Jarrell Brantley,UTA,3,2,43,0,0.0,2.0,0.5,0.0,1.0,0.5,0.0,0.0,0.001,5.3,12.1,0,0
2019,100.3,John Konchar,MEM,8,2,43,1,0.0,0.5,0.0,0.0,0.0,0.0,0.0,0.0,0.0,0.0,2.7,0,0
2019,100.3,Josh Reaves,DAL,5,2,43,1,0.0,0.0,0.0,0.0,0.0,0.0,0.0,0.0,0.0,33.3,-33.3,0,0
2019,100.3,KZ Okpala,MIA,2,3,43,2,0.0,0.3,0.0,0.0,0.0,0.3,0.0,0.0,0.0,14.3,0.0,0,0
2019,100.3,Kevin Hervey,OKC,7,4,44,2,0.0,0.5,0.3,0.0,0.0,0.0,0.0,0.0,0.0,17.4,-7.1,0,0
2019,100.3,Kostas Antetokounmpo,LAL,1,3,43,3,0.0,0.3,0.3,0.0,0.0,0.0,0.0,0.0,0.0,0.0,7.3,0,0
2019,100.3,Kyle Guy,SAC,13,1,43,0,0.0,0.0,0.0,0.0,0.0,0.0,0.0,0.0,-0.002,14.3,-4.5,0,0
2019,100.3,Miye Oni,UTA,3,3,43,2,0.0,0.3,0.0,0.0,0.0,0.3,0.0,0.0,0.0,4.5,0.0,0,0
2019,100.3,Paul Watson,TOR,3,2,43,0,0.0,1.0,1.5,0.5,0.0,0.0,0.0,0.0,0.003,14.3,-4.7,0,0
2019,100.3,Stanton Kidd,UTA,3,4,43,3,0.0,0.8,0.3,0.0,0.0,0.5,0.0,0.0,0.001,13.9,-7.7,0,0
2019,100.3,Talen Horton-Tucker,LAL,1,2,43,1,0.0,0.0,1.0,0.5,0.0,0.0,0.0,0.0,0.0,10.0,14.8,0,0
2019,100.3,Zach Norvell Jr.,GSW,15,2,45,2,0.0,0.5,0.0,0.0,0.0,0.0,0.0,0.0,0.0,7.7,0.0,0,0
